id;employee_name;service_outlet_code;employee_role;employee_staff_code;employee_signature;employee_signature_content_type;employee_email
1;compressing;XML Liaison;deploy payment;SSL Savings Account reintermediate;536176696e6773204163636f756e74;image/png;Bacon evolve
2;Utah Mission;protocol Awesome;Oklahoma;Generic Granite Chicken Auto Loan Account;6465706f73697420436172;image/png;out-of-the-box mobile program
3;connecting Japan enable;policy;Cloned architect;Auto Loan Account;73797374656d73;image/png;Buckinghamshire Computer
4;methodologies calculating scale;Intranet mint green;holistic strategic;Netherlands Antillian Guilder;506172616469676d20736f6c6964207374617465;image/png;systematic
5;Synergized generate;turquoise redundant;Applications panel;Small circuit;627970617373;image/png;Polarised
6;Cotton;Dynamic Ville Movies;Small Plastic Chair;content-based;456e67696e656572;image/png;index Summit
7;actuating Shoes TCP;Generic Fresh Towels;back-end;deliverables;7061796d656e74204c696169736f6e205665726d6f6e74;image/png;streamline navigating open-source
8;sensor Strategist;Metal;mint green Kentucky Groves;Communications Director Computer;524f49;image/png;quantifying
9;Macedonia Executive;AI;Bahrain wireless Mali;Intelligent Summit;6f766572726964696e67204265726d756469616e20446f6c6c61722028637573746f6d6172696c79206b6e6f776e206173204265726d75646120446f6c6c617229;image/png;AI Ports
10;Finland Licensed Granite Computer cross-platform;Associate neural;pink Synergized;Gibraltar;696e766f6963652050697a7a6120456e74657270726973652d77696465;image/png;Park Producer quantify
